Country Name,Country Code,Access to electricity (% of population),"Compulsory education, duration (years)","Employment to population ratio, 15+, total (%) (modeled ILO estimate)","GDP per capita, PPP (current international $)",Individuals using the Internet (% of population),"Industry (including construction), value added per worker (constant 2015 US$)","Inflation, GDP deflator (annual %)",Land area (sq. km),Merchandise exports by the reporting economy (current US$),Military expenditure (% of GDP),Net migration,Population ages 15-64 (% of total population),Proportion of seats held by women in national parliaments (%),Renewable energy consumption (% of total final energy consumption),Urban population (% of total population),"Vulnerable employment, total (% of total employment) (modeled ILO estimate)",happiness_score,social_support,healthy_life_expectancy_at_birth,freedom_to_make_life_choices,generosity,perceptions_of_corruption,positive_affect,negative_affect
Afghanistan,AFG,85.3,9.0,32.333,2122.995815126633,17.1917,2972.188540346683,9.406239339313217,652230.0,432910523.0,,-647402.0,54.0650161973572,,20.0,25.3939250580909,81.091381513011,1281.0,228.0,54875.0,368.0,,733.0,206.0,576.0
Angola,AGO,48.5,10.0,64.619,9588.241295111882,42.0719,34053.084305329256,18.1217716217607,1246700.0,50856991253.0,1.410163657162,-995.0,52.4687842964853,33.6363636363636,,69.0506188977513,66.312487849522,,,,,,,,
Albania,ALB,100.0,9.0,55.457,21411.404264868648,82.6137,14821.203806895615,9.861609920162875,27400.0,4308978674.0,1.20878861551122,-16426.0,67.0011896981477,35.7142857142857,,57.8643477747383,48.97711716139701,5212.0,724.0,69175.0,802.0,-66.0,846.0,547.0,255.0
United Arab Emirates,ARE,100.0,12.0,75.023,75071.65863003506,100.0,90099.91893254012,12.597870386080842,71020.0,345819105552.0,,322773.0,81.8846579747203,50.0,,85.5147347682487,1.146015325389917,6738.0,798.0,66.45,932.0,171.0,,715.0,242.0
Argentina,ARG,100.0,14.0,57.3,29808.807346800702,88.3754,31925.77415811373,68.99382676923139,2736690.0,86535962980.0,0.684586409291956,5589.0,65.2151737723899,44.7470817120623,,92.112838186126,23.27979684080725,6261.0,893.0,67.25,825.0,-128.0,0.81,724.0,284.0
Armenia,ARM,100.0,12.0,50.905,19161.37005141889,77.0277,14444.303368762268,7.985878528281745,28198.32,5344643857.0,4.08174595925594,38001.0,67.2222792072338,35.5140186915888,,65.5624462874485,35.42815376027887,5382.0,811.0,67925.0,0.79,-154.0,705.0,531.0,549.0
Australia,AUS,100.0,11.0,64.396,66103.17970669566,97.0424,127336.28733133902,7.199544340720095,7692020.0,401694722486.0,1.88329708969124,140972.0,64.6894260786269,38.4105960264901,,87.3343268253813,9.37931001488805,7035.0,942.0,71125.0,854.0,153.0,545.0,711.0,244.0
Austria,AUT,100.0,13.0,57.843,72065.49742701056,93.6141,95196.90709245048,5.023431563332707,82520.0,211766887497.0,0.7667060083267719,157365.0,65.8640953229773,40.9836065573771,,68.998085127906,8.182661062093109,6999.0,876.0,71275.0,856.0,139.0,524.0,718.0,226.0
Azerbaijan,AZE,100.0,9.0,61.116,22552.088656052303,88.0,29120.906039704787,37.27072112937472,82650.0,38144989900.0,3.7953702508048295,9086.0,69.6758832959182,18.3333333333333,,58.4382815854684,54.3428702003442,,,,,,,,
Burundi,BDI,10.3,,78.385,1104.7771876487784,11.0009,3039.187319005506,15.04938612787501,25680.0,168684935.0,2.59858091417074,1995.0,51.5252590861977,38.2113821138211,83.0,22.3202446002597,83.78167422880469,,,,,,,,
Belgium,BEL,100.0,13.0,51.536,69128.13888838432,94.0078,90749.62214315672,6.699037611866103,30494.0,620749573291.0,1.16246551287247,118615.0,63.7031280332457,42.6666666666667,,87.489200269855,11.630727598644365,6857.0,923.0,71.05,0.89,97.0,483.0,718.0,235.0
Benin,BEN,56.5,6.0,74.995,3844.154157458155,30.0134,2549.20843286274,4.138994478753673,112760.0,908459002.999999,0.632087491743063,-192.0,54.8168372827197,7.40740740740741,,50.9627000010887,79.5320545684629,4217.0,366.0,56.4,714.0,-0.03,0.58,571.0,444.0
Burkina Faso,BFA,19.5,10.0,69.567,2645.2406799661094,14.6238,2814.5681312826646,4.642584352849582,273600.0,4542731249.0,2.98161566942536,-24960.0,54.4370275967141,16.9014084507042,71.4,27.2791369742712,80.7951990517066,,,,,,,,
Bangladesh,BGD,99.4,5.0,59.031,8450.549025339405,41.6165,7599.520907057686,5.049021878831312,130260.0,47070835971.0,0.990983394484057,-549990.0,65.0947523228864,20.8571428571429,,31.673734726234,57.84038066255668,3408.0,404.0,64675.0,865.0,-55.0,617.0,394.0,448.0
Bulgaria,BGR,100.0,12.0,54.382,34805.70148167554,79.1269,14781.763408690242,15.918454216647175,108560.0,47848635443.0,1.58707500372134,26498.0,63.7634737521873,24.1666666666667,,73.4799164005224,6.967821860204138,5378.0,953.0,66.6,741.0,-145.0,942.0,582.0,165.0
Bahrain,BHR,100.0,9.0,69.395,61677.6538492695,100.0,47189.555725956445,7.134888799007811,790.0,15014755808.0,3.42339334548769,18975.0,77.4220895374444,20.0,,100.0,0.901733674439886,,,,,,,,
Bosnia and Herzegovina,BIH,100.0,9.0,42.656,20522.02375558,78.8455,12194.47686763998,11.808838185719653,51200.0,9660797766.0,0.7520287307492179,-485.0,65.5202255864793,16.6666666666667,,51.0215287060993,19.14273747073944,,,,,,,,
Belarus,BLR,100.0,11.0,61.754,28429.49488218266,89.5073,12920.4991965454,14.884862363536683,202990.0,32803624748.000004,1.64869313490861,-8000.0,66.5333622144506,40.0,,78.4732787892908,6.79840537714345,,,,,,,,
Belize,BLZ,98.6,8.0,53.257,13461.209845161278,71.8096,15742.085062295018,7.286854911232751,22810.0,286307046.0,0.979173785897568,5936.0,67.6808207919391,12.5,30.8,42.1373251262137,30.06788525202558,,,,,,,,
Bolivia,BOL,99.9,14.0,75.487,12306.729312869538,67.3612,6809.247525916043,2.591002750816031,1083300.0,13603746248.0,0.973250888476219,-3008.0,64.0223930240519,46.1538461538462,,70.6352598708131,64.3683028020439,5929.0,824.0,63.75,865.0,-0.08,0.84,738.0,426.0
Brazil,BRA,100.0,14.0,57.663,19876.85335313965,80.5278,17293.865357955423,8.57028196142548,8358140.0,334292307439.0,1.05240083845945,-253639.0,69.5457382256878,17.7387914230019,,87.349556243881,27.80441361639077,6257.0,866.0,65925.0,0.83,-61.0,742.0,681.0,341.0
Bhutan,BTN,100.0,,59.342,15063.810576307216,86.2903,15026.003839026618,5.794855169797827,38140.0,650962683.0,,291.0,71.7153414362264,17.3913043478261,82.5,40.9365143617581,69.85277224954811,,,,,,,,
Botswana,BWA,75.9,,49.361,19976.83437944735,80.3696,45662.88972356209,14.61767672418759,566730.0,7917218825.0,2.51778285669486,-7306.0,63.6966233949337,11.1111111111111,,66.5889787170477,25.92684973687092,3435.0,0.75,54725.0,739.0,-215.0,831.0,623.0,287.0
Central African Republic,CAF,15.7,10.0,68.81,1217.8497714115497,,2312.766937288517,6.018778772724517,622980.0,117783789.0,1.71086224316852,-17430.0,48.6410707488634,12.8571428571429,90.9,43.2751967457285,79.71457776335791,,,,,,,,
Canada,CAN,100.0,10.0,61.802,63944.10501006869,94.0,105207.06586408056,7.906762130773259,8788700.0,596779819937.0,1.16713259486345,459988.0,65.5113452142292,30.4733727810651,,82.3500897353968,9.78435526150716,6918.0,929.0,71.45,838.0,222.0,442.0,719.0,287.0
Switzerland,CHE,100.0,11.0,64.313,94421.4576550424,96.4528,227616.5254162256,3.0400522180438685,39509.63,401601887823.0,0.682061302644033,96424.0,65.7109122627352,41.5,,84.9206266284521,9.74750320571686,6884.0,881.0,73.1,848.0,128.0,235.0,0.71,0.18
Chile,CHL,100.0,12.0,55.177,30932.0010873677,93.5377,32792.10296039951,7.560157386627097,742831.64,97988007426.0,1.54099069337002,59374.0,68.9423635045125,35.4838709677419,,88.6395352768685,21.39560197188508,6415.0,887.0,70.45,793.0,-11.0,796.0,775.0,253.0
China,CHN,100.0,9.0,62.523,23032.17662711428,75.6113,28018.994666472096,1.9342740784076256,9388210.0,3604081807520.0,1.63053389156959,-293846.0,69.0962698960779,24.9411764705882,,65.2176361083984,34.66213984896152,,,,,,,,
Cote d'Ivoire,CIV,72.0,10.0,65.598,6719.443815576367,38.4133,9936.66241215394,3.00000062873427,318000.0,33712084007.0,0.865226904910508,26777.0,55.8045052933374,14.1732283464567,,52.8492549676673,70.4359456335626,4849.0,536.0,56525.0,713.0,-5.0,743.0,629.0,399.0
Cameroon,CMR,71.0,6.0,63.185,5188.977508660814,41.775,6876.252992085034,6.831054732486734,472710.0,5996044385.0,0.939352946747924,-4798.0,55.1786273049014,33.8888888888889,,54.8458745688318,68.17984392341597,4712.0,629.0,56525.0,675.0,25.0,849.0,586.0,362.0
"Congo, Dem. Rep.",COD,21.5,6.0,61.441,1590.1640421955578,29.4996,9022.102995825831,9.98907682520658,2267050.0,15720780883.0,0.567707215239695,-14991.0,50.8218373223707,12.8,,44.003287663813,82.3220896871642,3207.0,654.0,55375.0,664.0,86.0,836.0,563.0,461.0
"Congo, Rep.",COG,50.6,10.0,54.267,6647.496817313898,37.4939,12256.912294119991,18.26089878084657,341500.0,8870309971.0,1.90798488893194,-995.0,55.8937178215984,14.5695364238411,,63.6422003342807,75.98336302983306,5805.0,646.0,57175.0,698.0,28.0,0.76,583.0,477.0
Colombia,COL,100.0,12.0,56.498,20854.002999162018,72.7964,17480.95551808716,14.925036680697772,1109500.0,56476694293.0,2.79798282722927,183180.0,70.0401630768335,28.8770053475936,,78.0464633137335,44.22219145580407,5892.0,877.0,69525.0,799.0,-162.0,863.0,762.0,306.0
Comoros,COM,89.9,6.0,53.317,3641.629203903529,32.7685,2409.785240346839,5.185553440721819,1861.0,50174358.0,,-2002.0,57.8260535994284,16.6666666666667,39.3,32.7746035528748,57.117586749649846,3545.0,472.0,59425.0,481.0,-14.0,732.0,603.0,352.0
Costa Rica,CRI,100.0,13.0,54.527,26226.27548159493,82.598,33544.12435341066,6.280385136802806,51060.0,15711142579.0,,1006.0,68.8983029418227,47.3684210526316,,78.4405687613972,24.877487008107792,7077.0,902.0,70.0,0.91,-47.0,751.0,793.0,272.0
Cuba,CUB,100.0,9.0,52.687,,68.25,18595.83966328124,14.09265828999908,103800.0,880777357.0,,-23149.0,68.4471221050614,53.4129692832764,,77.1056060791016,20.236278610861387,,,,,,,,
Cyprus,CYP,100.0,10.0,63.021,53304.78515625,89.601,23518.63973910283,6.620596857441811,9240.0,3875337877.0,1.72118847605333,9014.0,69.8887987561685,14.2857142857143,,66.6694829407584,9.17234429114858,5865.0,0.82,73.0,698.0,,887.0,659.0,297.0
Czechia,CZE,100.0,10.0,58.533,52946.966085446205,84.5401,34721.37047982574,8.671100879670647,77171.73,241527470511.0,1.32690210545667,329739.0,63.5339892495353,25.5,,72.6967638379524,13.958607167246814,6695.0,944.0,69175.0,908.0,94.0,831.0,743.0,246.0
Germany,DEU,100.0,13.0,58.926,69048.98840368852,91.6298,80751.00758058668,6.413159108302963,349360.0,1666986080764.0,1.35030514561756,981552.0,63.6285624993021,34.9184782608696,,81.7867852780995,4.574719623430572,6608.0,916.0,71.5,895.0,81.0,417.0,668.0,201.0
Djibouti,DJI,65.0,10.0,23.437,6621.330382204093,63.2573,42227.8087671144,-0.147758592154517,23180.0,4614636026.0,,500.0,65.3492756987976,26.1538461538462,26.9,72.6109938538856,30.659717195116063,,,,,,,,
Denmark,DNK,100.0,10.0,60.688,78913.65349131271,97.8601,136680.03534953206,10.398410494046686,40000.0,130398998296.0,1.36156457421085,60219.0,63.5629737128517,43.5754189944134,,88.3880239837703,5.7571605867104765,7545.0,0.97,71375.0,0.93,224.0,203.0,787.0,205.0
Dominican Republic,DOM,98.1,15.0,59.744,24625.808856403743,81.5127,28088.95579906086,9.551234734664078,48198.02,9784124909.00001,0.679073001629194,-35153.0,65.5209074278185,27.8947368421053,,72.4203155643711,39.51461308960277,5518.0,0.82,64.6,853.0,-84.0,656.0,723.0,306.0
Algeria,DZA,100.0,10.0,36.62,15836.094437032109,74.8319,19281.814094628386,22.920305598874407,2381740.0,65102212578.0,4.05748811460294,-14684.0,62.9718445030799,8.10810810810811,,74.1795862354514,26.10327656928715,,,,,,,,
Ecuador,ECU,100.0,15.0,63.388,15198.07255544725,69.7181,19025.560050711272,2.348068434399849,248360.0,32556177749.0,2.2185152997554702,-23090.0,66.6328553177793,38.6861313868613,,63.0901835932266,50.972290649321,5887.0,825.0,69.25,759.0,-0.08,866.0,777.0,356.0
"Egypt, Arab Rep.",EGY,100.0,12.0,40.033,17526.801703016554,72.1981,17204.301786465017,10.42578924357447,995450.0,47245946676.9999,1.01475596559521,13707.0,62.3202560966817,27.580372250423,,42.6325129008032,23.06487685847265,4024.0,769.0,63.75,733.0,-208.0,,486.0,307.0
Spain,ESP,100.0,10.0,50.068,51398.93104034071,94.4855,60929.67859105786,4.693839531069386,499713.681,401284702428.0,1.4055469125943,299779.0,66.2160904145149,42.9799426934097,,79.9548794567814,10.834407918873362,6337.0,934.0,72475.0,781.0,1.0,673.0,636.0,0.32
Estonia,EST,100.0,9.0,61.486,48217.552310602834,91.5202,30799.77538735026,16.844809078341044,42730.0,22160370530.0,2.13485210963824,39754.0,63.1367948024264,25.7425742574257,,70.4892333736738,6.8387302746910565,6357.0,933.0,69875.0,904.0,136.0,0.39,767.0,187.0
Ethiopia,ETH,55.4,8.0,66.153,2844.922745357532,,7485.491393212589,34.66660500044699,1128498.8,3085260807.0,1.50594072756186,-11996.0,57.169780600857,41.4893617021277,,22.7367687225342,85.0570339605148,3628.0,0.74,61.1,674.0,361.0,793.0,0.56,335.0
Finland,FIN,100.0,12.0,56.362,62133.13752199117,92.9888,100500.99614837804,6.1727807570279225,303947.7,85448683813.0,1.58854518946055,60353.0,61.5502866698304,45.5,,73.6967597835949,10.30586657938751,7729.0,974.0,71225.0,959.0,102.0,0.19,741.0,191.0
France,FRA,100.0,13.0,51.758,57042.944901377225,85.3333,69882.23576377383,3.0181842077809904,538950.0,607559102020.0,1.95772067476703,179377.0,61.5912351189772,37.261698440208,,78.7591921123356,8.076521982274183,6614.0,866.0,72.4,798.0,-25.0,533.0,688.0,249.0
Gabon,GAB,93.5,10.0,41.097,19992.55706434685,70.7069,64323.61738964496,14.758342683153344,257670.0,10461756610.0,1.3582460776711,987.0,59.2148421863732,15.3846153846154,,91.2243355459988,29.950460171022453,5.14,775.0,58575.0,699.0,-164.0,803.0,661.0,414.0
United Kingdom,GBR,100.0,11.0,59.573,59021.57218059142,96.2989,100521.74448942034,5.6786420431308215,241930.0,520990558318.0,2.05691855462534,487029.0,63.4404279110136,34.5679012345679,,83.0753982997505,11.747458954643443,6722.0,863.0,70.4,857.0,309.0,426.0,723.0,0.27
Georgia,GEO,100.0,9.0,56.285,22461.332641454654,78.7113,16553.934861754555,8.135450143848061,69490.0,5582419680.00001,1.60787681983081,26999.0,63.7158878760804,19.047619047619,,60.0101622679115,47.229736273150905,5293.0,754.0,65075.0,821.0,-253.0,655.0,503.0,233.0
Ghana,GHA,85.1,11.0,57.404,7208.157989827231,69.3607,9954.009916002897,28.183872813714004,227533.0,17485794686.0,0.337946355940024,-10003.0,59.9093666106451,14.5454545454545,,57.250609602871,60.86548014889984,4191.0,628.0,59125.0,786.0,117.0,909.0,0.62,292.0
Guinea,GIN,47.7,6.0,50.087,4062.361364379217,24.6954,8124.925456848015,2.8055829238949457,245720.0,6067418328.0,2.18865717393084,-3997.0,54.9992291074786,29.6296296296296,66.6,37.2384967469106,80.0684202516554,5317.0,582.0,54.65,729.0,139.0,0.77,699.0,492.0
"Gambia, The",GMB,65.4,9.0,44.71,3067.31040374628,44.0389,2903.540893874156,8.817075803768958,10120.0,59160744.0,0.705923163360025,-3000.0,55.9258212685902,8.62068965517241,47.7,63.2869880996278,65.17282761087682,4279.0,588.0,57.9,599.0,364.0,884.0,722.0,438.0
Greece,GRC,100.0,10.0,45.386,39612.44063779162,83.1707,52560.98505341396,6.285412434254781,128900.0,58494626300.0,4.00035246143373,-53997.0,62.9235782445681,21.0,,78.5502190980809,22.66354927853294,5.9,875.0,71275.0,563.0,-316.0,874.0,589.0,183.0
Guatemala,GTM,99.1,16.0,58.403,13014.015380982615,55.4086,11450.680956653718,6.372053498424847,107160.0,15683056289.0,0.461665961921935,-8463.0,62.6560794877732,19.375,,55.2581228215265,39.22735039420375,6.15,806.0,62.9,856.0,-57.0,835.0,835.0,263.0
Guyana,GUY,93.0,6.0,47.587,39710.96956075305,78.3924,132705.69284180977,12.060448919606271,211140.0,11222852273.0,0.601394233025198,-6161.0,64.3745352266268,35.3846153846154,12.1,26.4536735068183,28.27384079209066,,,,,,,,
"Hong Kong SAR, China",HKG,100.0,9.0,55.353,68602.12579004731,95.6136,39905.07776320623,1.6886487768470744,1050.0,611179644671.0,,-3427.0,68.4044085688091,,,100.0,6.207302286772184,,,,,,,,
Honduras,HND,94.4,12.0,53.492,6805.493582945538,56.3896,7254.732626932173,9.31239503002736,111890.0,6097054512.0,1.46557698015697,-5374.0,64.4469800471565,27.34375,,57.8364689017254,34.62809411660551,5932.0,729.0,64275.0,851.0,81.0,834.0,775.0,289.0
Croatia,HRV,100.0,8.0,48.931,40775.54377128764,82.0716,29826.24168943824,8.009950194632907,55960.0,25429044934.0,1.80285265162096,11681.0,63.2143699032538,31.7880794701987,,56.9977571733605,7.9854562411573395,5579.0,0.91,69125.0,593.0,-213.0,875.0,573.0,267.0
Haiti,HTI,49.3,6.0,55.376,3275.4071812634534,,8408.290958995305,29.78495244690609,27560.0,1202499402.0,0.0687408576027912,-32220.0,63.5267889042792,,,53.8524949966907,75.8901629589997,,,,,,,,
Hungary,HUN,100.0,13.0,57.712,44365.91081283429,89.1428,25306.326172945617,13.967890951606847,91260.0,151666991478.0,1.83314817173654,41871.0,64.8418515917326,14.070351758794,,70.1585064243445,8.543043542625803,5861.0,937.0,67.65,776.0,-8.0,848.0,628.0,0.25
Indonesia,IDN,100.0,9.0,64.698,14284.929293132958,66.4846,14326.742870979258,9.568987563469337,1892555.47,291974101345.0,0.76801260357697,-37501.0,67.9012667725156,21.9130434782609,,57.4934704226599,50.2806596863492,5585.0,834.0,63175.0,903.0,519.0,862.0,818.0,269.0
India,IND,99.2,8.0,51.003,9207.127430401446,55.9,5513.67613275612,5.897141858911326,2973190.0,450320580519.0,2.38309809835882,-1353478.0,67.8132963616236,14.9446494464945,,34.7555673994206,74.0023374256774,3.93,608.0,61.2,893.0,0.09,771.0,596.0,432.0
Ireland,IRL,100.0,10.0,61.567,138522.5178002039,96.6206,447874.02921177685,8.004077185503661,68890.0,212893512688.0,0.212502380914468,93535.0,65.3822772161846,23.125,,63.8920250215059,10.182168763706263,6.87,906.0,71.4,895.0,0.14,358.0,738.0,234.0
"Iran, Islamic Rep.",IRN,100.0,9.0,36.877,17545.624662942948,79.061,19801.88568111344,51.07765551898382,1622500.0,17574435741.0,2.11062130699384,403190.0,69.1497615676665,5.59440559440559,,76.3342208862305,39.45082815381724,4977.0,0.8,66.75,0.57,212.0,766.0,521.0,466.0
Iraq,IRQ,100.0,6.0,35.087,14391.129234980575,78.7156,33465.46569799736,26.94161094922181,434130.0,126017132040.0,1.64001134527485,76821.0,59.0153467788501,28.8753799392097,,69.8682861328125,27.0179929780468,,,,,,,,
Iceland,ISL,100.0,10.0,71.646,75332.8528345867,99.8082,108416.67239076928,8.831749534321688,100830.0,7399085008.0,,6535.0,66.5106722526689,47.6190476190476,,94.1787071228028,12.048842771593508,7449.0,985.0,72075.0,936.0,222.0,692.0,768.0,178.0
Israel,ISR,100.0,15.0,62.346,53619.06809950952,91.8508,119886.57566589573,4.935303640087625,21640.0,66481500000.0,4.433012200579229,50004.0,59.8934314063339,23.3333333333333,,91.4979834273327,7.920716930203272,7662.0,954.0,72.85,775.0,-5.0,655.0,583.0,183.0
Italy,ITA,100.0,12.0,45.078,57260.89453724933,85.0607,68490.72529155524,3.455359171347709,295720.0,646942820376.0,1.65164252620196,231228.0,63.6810296805062,32.25,,69.4839779766539,14.668726259662003,6258.0,869.0,72125.0,711.0,28.0,819.0,624.0,298.0
Jamaica,JAM,100.0,6.0,64.892,11887.77036942296,82.4453,10671.195898605583,12.656896989370097,10830.0,1865036335.0,1.2899994472516,-10003.0,72.8830415082856,28.5714285714286,,57.9879906034775,33.106738190820494,5.87,868.0,66.6,874.0,-88.0,0.91,718.0,269.0
Jordan,JOR,100.0,10.0,31.538,9927.234100250598,90.5,25067.53237097625,2.616073201313512,88794.0,10791798857.0,4.798376906378,-17445.0,64.0048449469933,12.3076923076923,,92.4048379066163,8.382239998280445,4356.0,774.0,67.6,759.0,-153.0,715.0,521.0,435.0
Japan,JPN,100.0,9.0,60.868,47192.05006033716,84.9234,86448.59346180705,0.3990489687627558,364500.0,746648303248.0,1.00994395391657,175003.0,58.7384165155584,9.91379310344828,,91.9776532428406,7.887708048429491,6178.0,899.0,74475.0,789.0,-235.0,643.0,0.67,165.0
Kazakhstan,KAZ,100.0,9.0,66.784,35895.08398716668,92.2969,39454.0042728987,19.769006480249217,2699700.0,76139804998.0,0.517435849596282,45755.0,62.388058084887,27.3584905660377,,61.444157327248,24.98348813965739,6006.0,923.0,66.2,883.0,22.0,0.72,652.0,132.0
Kenya,KEN,76.0,12.0,63.747,5883.2230396192135,,6787.42768754646,6.957054456312179,580876.3,7327427376.0,1.01020520038813,-10003.0,59.0648344880137,23.4285714285714,,31.4307820066946,64.564882355435,4448.0,691.0,58.9,706.0,294.0,878.0,725.0,281.0
Kyrgyz Republic,KGZ,99.7,10.0,56.361,6577.512177283893,82.5991,3278.582320142681,19.657284242177425,191800.0,2185481921.0,2.9043700059740702,12596.0,61.8785463271739,20.4545454545455,,34.7003053497743,30.65476507372007,5668.0,927.0,67375.0,948.0,236.0,876.0,646.0,204.0
Cambodia,KHM,92.3,,82.137,6918.81626947213,59.6606,5477.890316131498,3.4889001658198424,176520.0,21422430987.0,1.54188348947322,-31350.0,63.7786295076769,20.8,,40.374616187368,53.06093683276811,4.25,784.0,62.1,946.0,154.0,0.86,756.0,388.0
"Korea, Rep.",KOR,100.0,9.0,61.971,55509.33687611736,97.1686,91312.2253253987,1.8078503190031088,97600.0,683308403000.0,2.57642560395009,87800.0,71.1010946234232,18.6440677966102,,81.1624941626873,18.59078536065447,5.95,0.81,73925.0,723.0,3.0,747.0,585.0,233.0
Kuwait,KWT,100.0,9.0,72.766,55043.00226358495,99.7237,97258.03650454144,17.63352169308277,17820.0,6241058647.0,4.51075426849442,368560.0,78.0375162013465,6.25,,100.0,1.9264421072140152,,,,,,,,
Lao PDR,LAO,100.0,9.0,65.203,8766.440626110943,62.7001,26890.58624436565,15.7739459226011,230800.0,8078755845.0,,-10003.0,64.6659829349289,21.9512195121951,49.2,38.0682382805397,77.1092946471943,,,,,,,,
Lebanon,LBN,100.0,10.0,38.581,12292.840730550111,82.798,17074.601370264663,112.149478998819,10230.0,4229435932.000001,1.39503764342103,-27507.0,63.3011537928921,6.25,,90.206313713022,19.46606583271213,2352.0,535.0,66225.0,0.45,-126.0,883.0,298.0,0.43
Liberia,LBR,31.8,6.0,74.42,1691.5727572185108,21.8966,3442.549558523057,8.666208540815347,96320.0,202457042.0,1.31348766985405,-5003.0,56.2633554017331,10.958904109589,92.8,54.4591057083,77.64012084490585,4042.0,597.0,56.7,732.0,154.0,828.0,637.0,439.0
Libya,LBY,70.0,9.0,39.351,12266.38968047156,88.6412,62967.15658344173,42.77208874269229,1759540.0,39195533832.0,4.34666046441666,-2001.0,66.7411265075072,16.4705882352941,,87.8486088593786,22.50608326382787,,,,,,,,
Sri Lanka,LKA,100.0,11.0,47.476,14193.654621744592,48.3,11286.430384999358,47.46388482082708,61860.0,12755092338.0,1.3433273089473,-27435.0,65.9272611103192,5.33333333333333,,19.9877933196367,39.06272874908679,,,,,,,,
Lesotho,LSO,50.0,7.0,47.942,2761.3110500221565,46.5007,3111.255831619997,5.530054967061986,30360.0,1052899125.0,1.47290152655986,-6023.0,60.9102884571853,26.4462809917355,34.9,41.6703965165322,32.73844860870016,,,,,,,,
Lithuania,LTU,100.0,11.0,59.011,50936.00495474423,87.7242,40044.85778859433,16.066542820715668,62604.0,46233659372.0001,2.4445758787722203,72100.0,65.0902697077428,28.3687943262411,,68.2866452426813,10.81392475071404,7038.0,937.0,67.75,0.71,-191.0,685.0,471.0,132.0
Luxembourg,LUX,100.0,12.0,58.146,146919.14539849444,98.242,201366.65567929525,6.220059856272769,2574.46,17259743923.0,0.625325775260002,13194.0,69.2787142447144,33.3333333333333,,94.7605400940185,7.20906507779544,7228.0,878.0,71675.0,915.0,24.0,345.0,718.0,218.0
Latvia,LVA,100.0,11.0,56.783,40558.749584112185,91.0301,26422.81445074324,9.692465702593438,62230.0,24021640666.0,2.25461931057619,22027.0,63.0622419344807,30.0,,68.2570218109034,8.249926503995509,6055.0,928.0,66.5,817.0,19.0,844.0,632.0,161.0
Morocco,MAR,100.0,9.0,40.13,9310.0322265625,89.9,12562.754728883689,2.6033513081370927,446300.0,41504100297.0,3.81341286888659,-38594.0,66.0858881969288,24.0506329113924,,62.5118468550703,36.3768248449945,4596.0,564.0,64.0,795.0,-254.0,802.0,573.0,414.0
Moldova,MDA,100.0,10.0,71.872,16452.96211919997,76.7412,9775.996989781836,18.8553230591008,32880.0,4292661006.000001,0.360059008856848,89154.0,64.7372708643745,40.5940594059406,,42.4048843383789,58.58467985987566,5687.0,817.0,65.7,829.0,-87.0,885.0,552.0,276.0
Madagascar,MDG,36.1,5.0,82.725,1716.9788487379749,18.5532,1812.6950543033463,9.62605733706367,581800.0,3545559762.0,0.653151211221591,-1487.0,56.8662396538611,18.5430463576159,83.1,31.5397813465886,84.9434806513982,4019.0,642.0,58.05,523.0,75.0,0.74,687.0,345.0
Maldives,MDV,100.0,12.0,60.695,22880.51231514193,83.9119,11604.629376608493,3.413013930370795,300.0,159010757.0,,-2674.0,75.5359836216494,4.59770114942529,1.2,41.0641769690663,17.72305335433862,,,,,,,,
Mexico,MEX,100.0,14.0,58.961,23135.49316012762,78.6322,26693.756881587586,6.666649474686693,1943950.0,576358502000.0,0.685819352028866,-108438.0,66.943409174418,50.0,,79.199683215791,26.71216376795362,7038.0,858.0,65.8,861.0,-121.0,0.78,818.0,205.0
North Macedonia,MKD,100.0,13.0,45.264,23389.07336428232,85.008,10874.862177958315,8.87368732523663,25220.0,8728018820.0,1.58059754666542,-5296.0,65.7535485995523,41.6666666666667,,61.9530566607267,12.154234727462,5167.0,0.85,66.7,723.0,72.0,937.0,555.0,277.0
Mali,MLI,53.0,9.0,65.631,3014.4210732687966,34.3797,6270.597267370304,6.301578002981813,1220190.0,4601902666.0,3.09091717190995,-39951.0,50.8237180487365,28.5714285714286,71.1,30.4015705681899,76.5924519695763,4211.0,642.0,55.8,818.0,-19.0,746.0,655.0,408.0
Malta,MLT,100.0,11.0,61.779,57834.396568966346,91.5406,34824.255169456344,5.0885864711204505,320.0,3085628514.0,0.411834981751042,2480.0,67.5041462195565,27.8481012658228,,95.6003155132879,10.28100084038958,6299.0,932.0,71.65,838.0,,758.0,671.0,0.37
Myanmar,MMR,73.6,5.0,53.527,5731.937878724586,58.0112,6685.42843513734,6.163716489058984,652670.0,17062290414.0,4.17058942838215,-34988.0,68.3947473609728,,,30.311095757938,62.73826567190309,,,,,,,,
Montenegro,MNE,100.0,9.0,47.244,26911.32510279283,88.2219,15272.423908487852,12.067802071296924,13450.0,730340682.0,1.57303708395214,26332.0,64.3826746224462,27.1604938271605,,65.4012965440866,15.69305759710749,,,,,,,,
Mongolia,MNG,100.0,12.0,58.886,16401.989475153066,82.1725,11651.796232605517,17.71471241775015,1557510.0,12538690517.0,0.5139362730129781,0.0,62.4988814284639,17.1052631578947,,69.783805847168,40.08642979055384,5788.0,951.0,60.6,717.0,214.0,847.0,0.55,209.0
Mozambique,MOZ,33.2,,73.466,1581.9441944262007,18.7913,4284.620287934914,9.15161420042132,786380.0,8233107588.999999,2.20848120068367,-34936.0,52.2735788430795,42.4,,35.0536638047945,84.0700181405171,4.74,711.0,51.75,884.0,47.0,688.0,629.0,351.0
Mauritania,MRT,49.0,9.0,36.632,6484.827921326307,34.3001,9494.487434295428,-0.6123616562345688,1030700.0,3778018550.0,2.05903871155909,2999.0,53.4391759026384,20.2614379084967,19.6,58.8120996197226,54.14651166008728,4724.0,648.0,60475.0,624.0,-13.0,657.0,631.0,389.0
Mauritius,MUS,100.0,12.0,52.046,26874.489992759285,75.5,19149.84636431238,8.524866044908833,1997.0,1646055236.0,0.138698687184487,-2824.0,72.1286907010613,20.0,,39.0000125885784,15.83970587449429,5741.0,887.0,63825.0,798.0,-38.0,769.0,725.0,168.0
Malawi,MWI,14.0,8.0,59.904,1778.3058214600076,17.0457,3963.1506866992313,17.166830393095495,94280.0,899734678.0,0.933234952541455,-5231.0,55.4533513205095,22.9166666666667,62.9,16.7146031979436,60.06333190210392,3356.0,503.0,58.75,744.0,0.02,755.0,536.0,329.0
Malaysia,MYS,100.0,6.0,63.62,34419.86849756656,97.3986,32004.89213729404,6.296299503337991,328550.0,352294847032.0,0.9020254051708212,188154.0,69.9806902873523,13.5746606334842,,75.9741357073003,22.24507631459926,,,,,,,,
Namibia,NAM,56.2,7.0,47.353,10662.701706411855,61.1485,21000.67623871521,6.41674452090038,823290.0,4819453636.0,2.91089959085182,22212.0,59.003897513983,44.2307692307692,,49.5291037671807,30.68940206783219,4949.0,808.0,57225.0,683.0,-0.12,849.0,676.0,261.0
Niger,NER,19.5,,79.291,1839.969096759033,23.2982,2831.89200646281,4.018999979447429,1266700.0,424295902.0,1.5729764923811,995.0,50.1226158861658,25.9036144578313,,17.477207007512,84.36410378992889,4501.0,587.0,56.55,793.0,32.0,0.74,787.0,366.0
Nigeria,NGA,60.5,9.0,78.158,8304.958105035297,37.6975,4373.620256795488,8.04664948506526,910770.0,84352289505.0,0.650166691789414,-51680.0,55.0396238495041,3.61111111111111,,61.3727650622225,67.2492936811999,,,,,,,,
Nicaragua,NIC,86.5,7.0,62.379,7796.693620341443,49.1307,7796.839888950567,8.385326186169777,120340.0,3806795882.0,0.5371139682093651,-7996.0,65.1136995835546,51.6483516483517,,58.9954376220703,39.61545336729675,6392.0,844.0,65725.0,914.0,-1.0,0.57,787.0,339.0
Netherlands,NLD,100.0,13.0,64.858,78630.35990720983,92.5197,121649.96530516088,6.155574965083275,33670.0,938167519509.0,1.30419995572639,224472.0,64.74772068865,40.6666666666667,,94.9856177734136,13.38573697607422,7.39,929.0,71625.0,868.0,224.0,459.0,711.0,198.0
Norway,NOR,100.0,10.0,63.833,125489.54893560216,99.0,243081.13348622527,28.416785192293247,364270.0,277038738259.0,1.46436961628818,58040.0,64.8837143883647,44.9704142011834,,82.9563661816034,4.2597982916232695,7295.0,927.0,71.55,939.0,185.0,314.0,759.0,211.0
Nepal,NPL,91.3,9.0,35.224,5102.992311329473,53.8878,2128.8651238839047,8.241191955025485,143350.0,1300568289.0,1.15743842490309,-379321.0,64.8652370438044,33.0909090909091,,66.2992968721053,77.7965803186827,5474.0,753.0,62125.0,844.0,153.0,0.76,473.0,342.0
New Zealand,NZL,100.0,10.0,68.589,54033.91301256506,96.1942,71236.3955195047,5.89146876133546,263310.0,45538872925.0,1.17089864666233,21404.0,64.9133640877173,50.4201680672269,,83.8547305017812,13.244964891475805,6975.0,956.0,70425.0,831.0,187.0,281.0,706.0,0.21
Oman,OMN,100.0,10.0,65.999,42616.33489558685,95.2453,50375.883032671794,16.49632499935487,309500.0,23022648256.0,5.2647590817834,339063.0,71.1215912305247,2.32558139534884,,80.0117053152301,3.75362846120249,,,,,,,,
Pakistan,PAK,95.0,12.0,49.633,5920.274306541074,24.2103,4041.85254550662,13.93701123929381,770880.0,30811428705.0,3.17683202352522,-1322625.0,58.5785401235689,20.4678362573099,,38.3740439760816,56.02581603830789,,,,,,,,
Panama,PAN,95.0,11.0,60.953,36333.12691843586,77.7041,47699.99326175458,2.195907970539721,74180.0,3583365629.0,,7967.0,65.5636634745759,22.5352112676056,,65.8211343914956,42.12077669026429,5979.0,891.0,69.0,899.0,-121.0,887.0,821.0,259.0
Peru,PER,96.2,14.0,71.277,16669.156148676902,74.675,21765.571214466723,4.513394137303877,1280000.0,57897579573.0,1.135133506685,33982.0,66.4241898791586,40.0,,84.3663554951194,49.66372998841089,5892.0,823.0,70025.0,764.0,-178.0,884.0,755.0,378.0
Philippines,PHL,94.8,13.0,59.843,10131.34636979404,75.2111,13829.7411279873,5.488648202020087,298170.0,80723647127.0,1.31630135538263,-221754.0,65.6276748361945,27.3311897106109,,54.7902343568327,34.517406154731674,,,,,,,,
Poland,POL,100.0,9.0,57.289,46777.55245191616,86.9411,32626.17025133616,10.689577427514024,306090.0,357961645745.0,2.20458906428882,967744.0,65.6570295546479,28.2608695652174,,59.8315488048321,17.7973099008004,6666.0,886.0,69225.0,0.8,-207.0,667.0,594.0,0.14
Portugal,PRT,100.0,12.0,54.238,45250.01487598647,84.4969,36106.48356462127,5.32750036102243,91605.6,80253824742.0,1.38999857860246,68696.0,63.3097782510393,36.9565217391304,,61.1259255772782,10.504353663994795,5953.0,862.0,71375.0,903.0,-137.0,893.0,638.0,316.0
Paraguay,PRY,100.0,13.0,65.812,16347.043497477647,76.2592,24591.616638200285,8.054460502710484,396012.042,9955697893.0,0.871127145265658,-12500.0,64.8426572495616,17.5,,68.6396537819458,37.33477999495928,6138.0,899.0,65.95,922.0,-11.0,839.0,821.0,238.0
West Bank and Gaza,PSE,100.0,10.0,34.004,6163.248978376131,88.6469,8226.039843107454,1.6826565273999137,6025.0,1525158760.0,,-5006.0,57.6072471335106,,15.4,86.5961423216016,18.38052873313807,4908.0,0.86,,695.0,,836.0,584.0,362.0
Qatar,QAT,100.0,12.0,87.461,122920.54329029,99.6528,122381.38010925484,25.87687974873729,11490.0,130139633718.0,6.500205652723031,80004.0,83.3608820189078,4.44444444444444,,99.243997525719,0.4701415788454945,,,,,,,,
Romania,ROU,100.0,10.0,49.682,40884.59459008193,85.5031,21039.53186248677,12.051275290788,230080.0,96376869897.0,1.75011695275109,89076.0,64.4688744544758,19.0909090909091,,52.1634832477272,13.41972412449544,6437.0,0.83,67175.0,836.0,-172.0,941.0,615.0,258.0
Russian Federation,RUS,100.0,11.0,59.541,40938.98828125,90.418,24320.843199559968,18.184689261661816,16376870.0,592681518368.697,4.60728884010235,765629.0,66.2351438367188,16.2222222222222,,74.8544893625017,5.261631844095991,6044.0,0.92,65325.0,776.0,-0.07,767.0,614.0,211.0
Rwanda,RWA,50.6,6.0,51.089,3098.6770063499434,31.2252,3726.748077353638,15.81131422368027,24670.0,1562504485.0,1.33346574344023,-9001.0,58.1217900773788,61.25,79.9,27.7806702737761,37.98145019391212,,,,,,,,
Saudi Arabia,SAU,100.0,9.0,60.235,71968.07495588803,100.0,150198.70768915312,12.583206706084669,2149690.0,407413007070.0,6.397422152789931,977072.0,72.6529825167567,19.8675496688742,,84.1349430023993,1.795014584827306,6382.0,0.9,64.6,,-27.0,,677.0,205.0
Sudan,SDN,63.2,8.0,34.698,3355.37817382813,,5439.881302093475,116.87407540579434,1868000.0,19501114483.0,,-26668.0,55.9630766611387,,,34.7209852053086,39.6653000762195,,,,,,,,
Senegal,SEN,67.9,11.0,50.472,4530.22059496055,59.2246,4651.721824897021,9.347021826143193,192530.0,5498936719.0,1.52411336065101,16425.0,57.2763044893002,44.2424242424242,,53.4435061024348,63.7301648214595,4907.0,609.0,60.3,758.0,52.0,854.0,813.0,287.0
Singapore,SGP,100.0,6.0,67.23,143094.94989695883,95.9539,211397.2171302364,14.921410129068803,718.0,515774726328.0,2.40634363671921,214842.0,75.3038137328294,29.126213592233,,100.0,9.19152251402134,,,,,,,,
Sierra Leone,SLE,29.4,9.0,51.981,3143.964510505068,19.2287,5505.799636349093,26.957453093747247,72180.0,482255588.0,0.582258374348818,-4000.0,57.848386331129,12.3287671232877,71.6,44.2666343543487,86.766097222455,2.56,502.0,55.3,0.66,101.0,862.0,494.0,505.0
El Salvador,SLV,100.0,15.0,58.279,11875.964806623284,65.5298,10076.625081822169,6.58456346218459,20720.0,7114810413.0,1.43329011743175,-23255.0,66.521310462096,27.3809523809524,,74.1465021298679,32.06810119310427,6492.0,772.0,65.95,914.0,-112.0,621.0,823.0,296.0
"Somalia, Fed. Rep.",SOM,48.9,8.0,27.438,1486.4724733383357,27.6,,7.9373318298771665,627340.0,731810104.0,1.16300107811428,-92434.0,50.6367383206408,19.7080291970803,95.4,53.5010115886789,46.11998275291241,,,,,,,,
Serbia,SRB,100.0,8.0,52.25,25507.32876068469,83.5383,15934.25028133685,10.458304150402428,84090.0,29056960753.0,2.17267406821898,40118.0,63.5677114259477,36.5546218487395,,61.9013813540396,24.071064476547388,,,,,,,,
South Sudan,SSD,8.4,8.0,64.363,,,,,631930.0,532078146.0,1.57467379753671,40259.0,56.3101038886271,32.3636363636364,,20.7752121046616,80.5251263012678,,,,,,,,
Suriname,SUR,99.0,6.0,49.152,20078.83655459504,77.6494,18199.18287058857,49.42328373968024,160507.61,2810850490.0,,-988.0,66.3893453408733,29.4117647058824,,65.8985443115234,18.88206622070917,,,,,,,,
Slovak Republic,SVK,100.0,11.0,57.4,41562.149779391286,89.0677,28007.15728571883,7.333874589448158,48080.0,108338773313.0,1.8012769663901598,92314.0,66.4610251066265,21.3333333333333,,53.1902831072528,12.341445860717078,,,,,,,,
Slovenia,SVN,100.0,9.0,56.684,52347.10972653797,88.9125,50197.40864083269,6.478254027442659,20136.4,69630549501.0,1.29505522763484,9014.0,64.0225309044699,40.0,,55.3377817873563,11.18810363932133,6723.0,942.0,71225.0,0.93,101.0,762.0,625.0,242.0
Sweden,SWE,100.0,10.0,59.77,67075.6762724717,95.0097,144909.5028543965,6.027195571185402,407280.0,195244290383.0,1.33147661923348,58955.0,62.1693131278881,46.4183381088825,,88.4038576504809,7.0844150332490345,7431.0,949.0,72275.0,939.0,234.0,213.0,0.75,163.0
Eswatini,SWZ,82.3,7.0,32.04,10635.39241561134,57.465,29420.31311675153,8.86865470026568,17200.0,1992936082.0,1.65499533493805,-8549.0,62.0343969418742,13.5135135135135,64.7,25.396682918542,29.38309989106461,,,,,,,,
Syrian Arab Republic,SYR,89.0,9.0,32.383,4772.461676671595,,1785.3371865484005,112.14365352307988,183630.0,1873793523.0,,735142.0,63.3986449885914,11.2,,72.6124992370605,39.10508752277802,,,,,,,,
Chad,TCD,11.7,10.0,59.14,2624.11789713994,12.4865,9409.556903062465,14.147701098325612,1259200.0,4572376318.0,2.0442448086408,36670.0,50.5407859323781,25.8883248730964,70.0,25.7635558629694,89.98185721813579,4397.0,0.72,53125.0,679.0,221.0,805.0,588.0,499.0
Togo,TGO,57.2,10.0,56.797,2935.013673207869,35.5105,2931.902578238909,7.121463674340049,54390.0,1345745986.0,4.1415364948095705,-1997.0,56.667625806837,18.6813186813187,,42.7332327975627,75.96436534848961,4239.0,579.0,57.7,696.0,7.0,713.0,594.0,414.0
Thailand,THA,99.9,9.0,66.549,22243.074772702603,87.9772,17142.42771553569,4.659552337865463,510890.0,283134552593.0,1.24105269630565,21683.0,70.4702497426338,15.7464212678937,,59.742374420166,49.729756400914,6007.0,867.0,68525.0,881.0,301.0,868.0,773.0,218.0
Tajikistan,TJK,100.0,9.0,35.161,4514.175123981642,53.1078,17525.112505297817,8.262272814757438,138790.0,1655315759.0,1.93089624067946,-17001.0,59.9369813386508,26.984126984127,,26.1957126615618,28.466627579727,,,,,,,,
Turkmenistan,TKM,100.0,12.0,40.506,18340.11128052993,,,11.041882829850252,469930.0,13550487258.0,,14141.0,64.2655251388172,25.8620689655172,,47.0592103414926,28.79388381956366,,,,,,,,
Trinidad and Tobago,TTO,100.0,7.0,55.792,32978.8585763159,84.4957,49340.18186511354,15.926608295422582,5130.0,13061209577.0,0.765634931845469,4247.0,70.343764696209,26.1904761904762,,53.9474037904998,21.27923858686881,,,,,,,,
Tunisia,TUN,100.0,9.0,39.304,13618.53899186514,70.5532,9310.625501727862,3.166064852832193,155360.0,17397072927.0,2.5712401122127,-14001.0,66.4224604430598,26.2672811059908,,69.707138648303,17.95406859362266,4261.0,755.0,67.05,474.0,-231.0,908.0,458.0,304.0
Turkiye,TUR,100.0,12.0,47.503,39564.110326733295,83.4372,36115.12034499918,95.52553027041816,769630.0,250584418421.0,1.65879843534611,-301544.0,68.0907133995488,17.3539518900344,,89.0381164550781,24.82199118155491,,,,,,,,
,,,,,,,,,,,,,,,,,,6607.0,883.0,,0.8,,658.0,717.0,95.0
Tanzania,TZA,45.8,7.0,82.453,3799.8623046875,22.101,7923.78463575256,2.762614833371984,885800.0,6824828387.0,1.19134153738855,-37557.0,54.0487270478758,36.8556701030928,,34.8234736377147,84.2489653322953,3616.0,0.6,59.85,856.0,136.0,584.0,707.0,195.0
Uganda,UGA,47.1,7.0,77.722,2919.177754071077,11.1246,8598.580222096907,4.922286730991488,200520.0,3435371494.0,1.84520857089792,-118843.0,53.5777012352883,33.8129496402878,90.9,29.9251969709665,75.03466028187324,,,,,,,,
Ukraine,UKR,100.0,11.0,,14770.0712890625,82.6753,,34.91528514349321,579400.0,44396225576.0,25.6424104715416,-5699445.0,67.3213331187593,20.3309692671395,,69.42345912103,,4637.0,863.0,64675.0,829.0,428.0,852.0,527.0,0.39
Uruguay,URY,100.0,14.0,58.204,33000.918699951035,89.873,52727.46660875555,5.147680511451995,175020.0,9066731080.0,2.04278364297671,-1501.0,65.3197383713472,25.2525252525253,,95.4977416992188,24.733243350178,6671.0,905.0,67.5,878.0,-52.0,631.0,775.0,267.0
United States,USA,100.0,12.0,59.538,77860.91129088482,92.2016,,7.129480854181949,9147420.0,2062494844042.0,3.30947715843109,1319009.0,65.1985544146872,28.7037037037037,,80.0324978239707,3.864550826635158,6693.0,0.9,65725.0,736.0,191.0,701.0,712.0,267.0
Uzbekistan,UZB,100.0,12.0,55.114,10292.530942748535,83.9,9710.066356013676,14.462656351308397,440652.0,9057065978.0,,-5007.0,63.88678820121,33.3333333333333,,50.9847412109375,33.87973916005322,6016.0,879.0,65.6,959.0,309.0,616.0,741.0,225.0
"Venezuela, RB",VEN,100.0,17.0,48.01,,,,211.0182338022446,882050.0,4132729827.0,0.649886788939365,-141107.0,64.2273026707371,,,89.2132204732836,36.425533322435285,5949.0,899.0,63875.0,0.77,,798.0,754.0,292.0
Viet Nam,VNM,100.0,10.0,73.314,13905.153687521612,78.59,7713.718914348421,4.442833049518896,313429.0,364262418391.0,,-78977.0,67.8350734151978,30.2605210420842,,37.5478515625,52.799369710295394,6267.0,879.0,65.6,975.0,-179.0,703.0,774.0,108.0
Kosovo,XKX,,,,13950.896732241048,,,7.198710754925799,,967834824.0,1.15004614573509,-28588.0,69.0127920202381,,,47.8001996538455,,6.16,888.0,,865.0,211.0,846.0,549.0,142.0
"Yemen, Rep.",YEM,76.0,9.0,27.337,,,,,527970.0,76491169.0,,-10448.0,56.1878671320791,0.0,,36.3226310308295,45.2981754410567,,,,,,,,
South Africa,ZAF,86.5,9.0,35.701,14749.047804530075,75.4556,21263.554728487183,5.240966696309329,1213090.0,117056558711.0,0.798457056094626,233284.0,67.3171903548038,46.5,,63.4766699210327,11.260824727377052,,,,,,,,
Zambia,ZMB,47.8,7.0,55.964,3840.7245051113887,15.0,13538.556081182824,6.1403183896508295,743390.0,11618204306.0,1.1165478995701998,-8566.0,55.7051954409824,15.0602409638554,,44.5988511178469,70.88284920608758,,,,,,,,
Zimbabwe,ZWE,50.1,7.0,58.636,5395.856298006396,37.8861,9028.956574582982,274.4580904843989,386850.0,6437447214.0,0.994988109351456,-102828.0,54.7802296158601,30.5660377358491,,38.7055207169041,68.93009478543765,3296.0,666.0,54525.0,652.0,-0.07,753.0,641.0,191.0
